ID,Organization,CustomerName,CustomerPhone,CustomerEmail,Street,City,State,ZipCode
14-0004,Silver Spring Church,,NULL,NULL,NULL,NULL,NULL,NULL
14-0005,,Marybeth Lehtimaki,NULL,NULL,NULL,NULL,NULL,NULL
14-0007,,Robert Godfrey,NULL,NULL,NULL,NULL,NULL,NULL
14-0012,,Janice Gutierrez,NULL,NULL,NULL,NULL,NULL,NULL
14-0013,,Mark Harris,NULL,NULL,NULL,NULL,NULL,NULL
14-0014,,Loretta Cleveland,NULL,NULL,NULL,NULL,NULL,NULL
14-0015,Stone Fence Acres,,NULL,NULL,NULL,NULL,NULL,NULL
14-0016,,Gus Kocoronis,NULL,NULL,3691 E Market St,York,PA,17402
14-0018,Kinsley Construction,,NULL,NULL,NULL,NULL,NULL,NULL
14-0019,Kinsley Construction,,NULL,NULL,NULL,NULL,NULL,NULL
14-0020,Olde York Homes,,NULL,NULL,NULL,NULL,NULL,NULL
14-0021,,Mike Billhart,NULL,NULL,NULL,NULL,NULL,NULL
14-0022,,Henry Nixon,NULL,NULL,NULL,NULL,NULL,NULL
14-0023,,Joe Judge,NULL,NULL,NULL,NULL,NULL,NULL
14-0024,,Jeff Rehmeyer,NULL,NULL,NULL,NULL,NULL,NULL
14-0025,Stone Fence Acres,,NULL,NULL,NULL,NULL,NULL,NULL
14-0028,Ream Roofing,,NULL,NULL,NULL,NULL,NULL,NULL
14-0029,,Roger Miller,NULL,NULL,NULL,NULL,NULL,NULL
14-0031,,Carlton Hughes,NULL,NULL,NULL,NULL,NULL,NULL
14-0032,St. Johns Blymire Church,,NULL,NULL,NULL,NULL,NULL,NULL
14-0035,,Yoe Concrete,NULL,NULL,NULL,NULL,NULL,NULL
14-0037,,Jack Walter,NULL,NULL,NULL,NULL,NULL,NULL
15-0000,Hess Ornamental Iron,,NULL,NULL,NULL,NULL,NULL,NULL
15-0001,Hess Ornamental Iron,,NULL,NULL,NULL,NULL,NULL,NULL
15-0002,Hess Ornamental Iron,,NULL,NULL,NULL,NULL,NULL,NULL
15-0003,Ollie's Bargain Outlet,,NULL,NULL,NULL,NULL,NULL,NULL
15-0004,Olde York Homes,,NULL,NULL,NULL,NULL,NULL,NULL
15-0005,,Chad Ward,(717) 515-0815,NULL,30 N Main St,Red Lion,PA,17356
15-0006,Sunshine Constructions,,NULL,NULL,NULL,NULL,NULL,NULL
15-0007,St. Mary's Church,,NULL,NULL,NULL,NULL,NULL,NULL
15-0008,Penn State Mont Alto,,NULL,NULL,NULL,NULL,NULL,NULL
15-0009,Stone Fence Acres,,NULL,NULL,NULL,NULL,NULL,NULL
15-0010,,Eric Stauffer,NULL,NULL,NULL,NULL,NULL,NULL
15-0011,,Ryan Fulmer,NULL,NULL,NULL,NULL,NULL,NULL
15-0012,York Township,,NULL,NULL,NULL,NULL,NULL,NULL
15-0013,,Jack Phillips,NULL,NULL,NULL,NULL,NULL,NULL
15-0014,,Kristin Barnes,NULL,NULL,NULL,NULL,NULL,NULL
15-0015,,Donna Deerin,NULL,NULL,NULL,NULL,NULL,NULL
15-0016,Henry's Lock and Key,,NULL,NULL,NULL,NULL,NULL,NULL
15-0017,,Roseberry,NULL,NULL,NULL,NULL,NULL,NULL
15-0018,Stone Fence Acres,,NULL,NULL,NULL,NULL,NULL,NULL
15-0019,,Janice Mills,NULL,NULL,NULL,NULL,NULL,NULL
15-001A,Hess Ornamental Iron,,NULL,NULL,NULL,NULL,NULL,NULL
15-0020,Codorus Church,Codorus Church,NULL,NULL,NULL,NULL,NULL,NULL
15-0021,Cavalry Chapel of York,,NULL,NULL,NULL,NULL,NULL,NULL
15-0022,Yoe Concrete,,NULL,NULL,NULL,NULL,NULL,NULL
15-0023,,Becky Hanson,NULL,NULL,NULL,NULL,NULL,NULL
15-0024,,Joan Stoner,NULL,NULL,NULL,NULL,NULL,NULL
15-0025,Interiors by Tomorrow,,NULL,NULL,NULL,NULL,NULL,NULL
15-0026,Stonybrook Family Restaurant,,NULL,NULL,NULL,NULL,NULL,NULL
15-0027,Hively Landscapes,Hively Landscapes,NULL,NULL,NULL,NULL,NULL,NULL
15-0028,Accord Restoration,,NULL,NULL,NULL,NULL,NULL,NULL
15-0029,,Kathleen Aber,NULL,NULL,NULL,NULL,NULL,NULL
15-0030,Stewart & Tate,,NULL,NULL,NULL,NULL,NULL,NULL
15-0031,Stewart & Tate,,NULL,NULL,NULL,NULL,NULL,NULL
15-0032,,Roland Builder (Fetterolf),NULL,NULL,NULL,NULL,NULL,NULL
15-0033,D&D Scarborough,,NULL,NULL,NULL,NULL,NULL,NULL
15-0034,,Nancy Strategos,NULL,NULL,NULL,NULL,NULL,NULL
15-0035,,Michael Schmotzer,NULL,NULL,NULL,NULL,NULL,NULL
15-0036,,Gary Boyd,NULL,NULL,NULL,NULL,NULL,NULL
15-0037,,Vince Fiorenza,NULL,NULL,NULL,NULL,NULL,NULL
15-0038,,David Visco,NULL,NULL,NULL,NULL,NULL,NULL
15-0039,,Dr. Friedman,NULL,NULL,NULL,NULL,NULL,NULL
15-0040,Olde York Homes,,NULL,NULL,NULL,NULL,NULL,NULL
15-0041,,Megan Wentland,NULL,NULL,NULL,NULL,NULL,NULL
15-0042,Heidler Roofing,,NULL,NULL,NULL,NULL,NULL,NULL
15-0043,Windsor Township,,NULL,NULL,NULL,NULL,NULL,NULL
15-0044,,Mary Shanaman,NULL,NULL,NULL,NULL,NULL,NULL
15-0045,,Teresa Jajich,NULL,NULL,NULL,NULL,NULL,NULL
15-0046,,Ada Lecrone,NULL,NULL,NULL,NULL,NULL,NULL
15-0047,,Brian Kauffman,NULL,NULL,NULL,NULL,NULL,NULL
15-0048,,Providence Place,NULL,NULL,NULL,NULL,NULL,NULL
15-0049,The First Post,,NULL,NULL,NULL,NULL,NULL,NULL
15-0052,,Mariellen Angelo,NULL,NULL,NULL,NULL,NULL,NULL
15-0054,,Joanne Shipe,NULL,NULL,NULL,NULL,NULL,NULL
15-0055,,Jack Phillips,NULL,NULL,NULL,NULL,NULL,NULL
15-0056,,Becky Grove,NULL,NULL,NULL,NULL,NULL,NULL
15-0057,,Paul Zeroth,NULL,NULL,NULL,NULL,NULL,NULL
15-0059,,C.C. Dietz,NULL,NULL,NULL,NULL,NULL,NULL
15-0060,R.S. Delp & Son,,NULL,NULL,NULL,NULL,NULL,NULL
15-0062,,Darren Savage,NULL,NULL,NULL,NULL,NULL,NULL
15-0063,,Brenda Blecher,NULL,NULL,NULL,NULL,NULL,NULL
15-0064,,Barbara Gold,NULL,NULL,NULL,NULL,NULL,NULL
15-0065,,Fay Myers,NULL,NULL,NULL,NULL,NULL,NULL
15-0066,,Velma Spurley,NULL,NULL,NULL,NULL,NULL,NULL
15-0067,,Charles Fishel,NULL,NULL,NULL,NULL,NULL,NULL
15-0068,,Clark Study,NULL,NULL,NULL,NULL,NULL,NULL
15-0069,Stone Fence Acres,,NULL,NULL,NULL,NULL,NULL,NULL
15-0070,,Rennie Keating,NULL,NULL,NULL,NULL,NULL,NULL
15-0071,,Henry Taylor,NULL,NULL,NULL,NULL,NULL,NULL
15-0072,,Cynthia Davis,NULL,NULL,NULL,NULL,NULL,NULL
15-0073,Grace Lutheran Church,,NULL,NULL,NULL,NULL,NULL,NULL
15-0074,Compleat Restorations,,NULL,NULL,NULL,NULL,NULL,NULL
15-0075,,Bill Cope,NULL,NULL,NULL,NULL,NULL,NULL
15-0076,Home-Time,,NULL,NULL,NULL,NULL,NULL,NULL
15-0077,,Jim Howard,NULL,NULL,NULL,NULL,NULL,NULL
15-0078,Stone Fence Acres,,NULL,NULL,NULL,NULL,NULL,NULL
15-0079,Greenspring Apartments,,NULL,NULL,NULL,NULL,NULL,NULL
15-0080,,Janice Gutierrez,NULL,NULL,NULL,NULL,NULL,NULL
15-0081,,Ken Putt,NULL,NULL,NULL,NULL,NULL,NULL
15-0082,,Margie Brown,NULL,NULL,NULL,NULL,NULL,NULL
15-0083,,Frank Kennell,NULL,NULL,NULL,NULL,NULL,NULL
16-001,Hess Ornamental Iron,,NULL,NULL,NULL,NULL,NULL,NULL
16-002,Hess Ornamental Iron,,NULL,NULL,NULL,NULL,NULL,NULL
16-003,Ollie's Bargain Outlet,,NULL,NULL,NULL,NULL,NULL,NULL
16-004,Stone Fence Acres,,NULL,NULL,NULL,NULL,NULL,NULL
16-005,Stone Fence Acres,,NULL,NULL,NULL,NULL,NULL,NULL
16-006,,Godfrey,NULL,NULL,NULL,NULL,NULL,NULL
16-007,Stone Fence Acres,,NULL,NULL,NULL,NULL,NULL,NULL
16-008,,Dave Lentz,NULL,NULL,NULL,NULL,NULL,NULL
16-009,,Shop Railings,NULL,NULL,NULL,NULL,NULL,NULL
16-010,Snyder Welding,,NULL,NULL,NULL,NULL,NULL,NULL
16-011,IHOP,,NULL,NULL,NULL,NULL,NULL,NULL
16-012,,Arvid Scherpf,NULL,NULL,NULL,NULL,NULL,NULL
16-013,Stone Fence Acres,,NULL,NULL,NULL,NULL,NULL,NULL
16-014,Red Lion Legion,,NULL,NULL,NULL,NULL,NULL,NULL
16-015,Hanover Ironworks,,NULL,NULL,NULL,Manassas,VA,NULL
16-016,,Joel Kutz,NULL,NULL,NULL,NULL,NULL,NULL
16-017,Susquehanna Speedway,,NULL,NULL,NULL,NULL,NULL,NULL
16-018,,Wilmur Henninger,NULL,NULL,NULL,NULL,NULL,NULL
16-019,PA State Police,,NULL,NULL,NULL,NULL,NULL,NULL
16-020,Boll Constructions,,NULL,NULL,NULL,NULL,NULL,NULL
16-021,,Gary Gilbert,NULL,NULL,NULL,NULL,NULL,NULL
16-022,Hively Landscapes,,NULL,NULL,NULL,NULL,NULL,NULL
16-023,McCreesh Roofing,,NULL,NULL,NULL,NULL,NULL,NULL
16-024,,David Stoll,NULL,NULL,NULL,NULL,NULL,NULL
16-025,Gladfelter Insurance,,NULL,NULL,NULL,NULL,NULL,NULL
16-026,,Randy Simmons,NULL,NULL,NULL,NULL,NULL,NULL
16-027,Penn State Mont Alto,,NULL,NULL,NULL,NULL,NULL,NULL
16-028,,Marcie Barr,NULL,NULL,NULL,NULL,NULL,NULL
16-029,,Joan Waltemeyer,NULL,NULL,NULL,NULL,NULL,NULL
16-030,,Joe Doody,NULL,NULL,NULL,NULL,NULL,NULL
16-031,,Larry Good,NULL,NULL,NULL,NULL,NULL,NULL
16-032,,Elaine Gerwig,NULL,NULL,NULL,NULL,NULL,NULL
16-033,MBC Construction,,NULL,NULL,NULL,NULL,NULL,NULL
16-034,,Clifton Guise,NULL,NULL,NULL,NULL,NULL,NULL
16-035,,Charles Thompson,NULL,NULL,NULL,NULL,NULL,NULL
16-036,,Jane Merritt,NULL,NULL,NULL,NULL,NULL,NULL
16-037,,Jack Capello,NULL,NULL,1515 Slate Hill Road,Camp Hill,PA,17011
16-038,,Harry Fox,NULL,NULL,NULL,NULL,NULL,NULL
16-039,,Brad Ruppert,NULL,NULL,NULL,NULL,NULL,NULL
16-040,,Jack Greenwood,NULL,NULL,NULL,NULL,NULL,NULL
16-041,,Preston Doyle,NULL,NULL,NULL,NULL,NULL,NULL
16-042,Heidler Roofing,,NULL,NULL,NULL,NULL,NULL,NULL
16-043,,Ledford,NULL,NULL,NULL,NULL,NULL,NULL
16-044,,Bill Alleman,NULL,NULL,NULL,NULL,NULL,NULL
16-045,Lauer's Interiors Plus,,NULL,NULL,NULL,NULL,NULL,NULL
16-046,Heuristic,,NULL,NULL,NULL,NULL,NULL,NULL
16-047,,Jim Brown,NULL,NULL,NULL,NULL,NULL,NULL
16-048,Mt. Zion Church,,NULL,NULL,NULL,NULL,NULL,NULL
16-049,,Dave Phillips,NULL,NULL,NULL,NULL,NULL,NULL
16-050,,Mark Linnehan,NULL,NULL,NULL,NULL,NULL,NULL
16-051,,Rennie Keating,NULL,NULL,NULL,NULL,NULL,NULL
16-052,,Jack Capello,NULL,jackcapello@verizon.net,1515 Slate Hill Road,Camp Hill,PA,17011
16-053,,George Hammond,NULL,NULL,NULL,NULL,NULL,NULL
16-054,Red Oak,,NULL,NULL,NULL,NULL,NULL,NULL
16-055,Arbor Landscapers,,NULL,NULL,NULL,NULL,NULL,NULL
16-056,Red Lion Area School District,,NULL,NULL,NULL,NULL,NULL,NULL
16-057,,Virginia Innerst,NULL,NULL,NULL,NULL,NULL,NULL
16-058,,Ada Lecrone,NULL,NULL,NULL,NULL,NULL,NULL
16-059,,Jim Miller,NULL,NULL,NULL,NULL,NULL,NULL
16-060,,Stephen Woolley,NULL,NULL,NULL,NULL,NULL,NULL
16-061,,Eugene McKay,NULL,NULL,NULL,NULL,NULL,NULL
16-062,,Carol Hamilton,NULL,NULL,NULL,NULL,NULL,NULL
16-063,,Corey McCarthy,NULL,NULL,NULL,NULL,NULL,NULL
16-064,Hess Ornamental Iron,,NULL,NULL,NULL,NULL,NULL,NULL
16-065,,Hively (Dunlap),NULL,NULL,NULL,NULL,NULL,NULL
16-066,,Susan Hake (Hively Landscapes),NULL,NULL,NULL,NULL,NULL,NULL
16-067,,Maripat Wehman,NULL,NULL,NULL,NULL,NULL,NULL
16-068,,Maggie Martin,NULL,NULL,NULL,NULL,NULL,NULL
16-069,Cork & Fork,,NULL,NULL,4444 Carlisle Pike,Camp Hill,PA,17011
16-070,,Mark Taylor,NULL,NULL,NULL,NULL,NULL,NULL
16-071,Stone Fence Acres,,NULL,NULL,NULL,NULL,NULL,NULL
16-072,,Dave Phillips,NULL,NULL,281 Old Stonehouse Road,Mechanicsburg,PA,NULL
16-073,11 East 67th Street,,NULL,NULL,NULL,NULL,NULL,NULL
16-074,,Alan Witmer,7174185648,awitmer@lobarassoc.com,1800 Elmerton Ave,Harrisburg,PA,17110
16-075,,Buzz Bentivegna,NULL,NULL,NULL,NULL,NULL,NULL
16-076,,Mark Paules,NULL,NULL,NULL,NULL,NULL,NULL
16-077,,Pendyke,NULL,NULL,NULL,NULL,NULL,NULL
16-078,,Paul Breault,NULL,NULL,1159 Augusta Ct,York,PA,NULL
16-079,,Lucy Stevens,NULL,NULL,NULL,NULL,NULL,NULL
16-080,,Josh Lackey,NULL,NULL,NULL,NULL,NULL,NULL
16-081,,Jack Capello,NULL,NULL,1515 Slate Hill Road,Camp Hill,PA,17011
16-082,,Jon Samelson,NULL,NULL,NULL,NULL,NULL,NULL
16-085,Hess Ornamental Iron,,NULL,NULL,NULL,NULL,NULL,NULL
17-001,Hess Ornamental Iron,,NULL,NULL,27 E Lancaster St,Red Lion,PA,17356
17-002,Hess Ornamental Iron,,NULL,NULL,NULL,NULL,NULL,NULL
17-003,Ollie's Bargain Outlet,,NULL,NULL,3300 Espresso Way,York,PA,17406
17-004,Stone Fence Acres,,717-927-8266,NULL,2758 Furnace Road,Red Lion,PA,17356
17-005,Hess Ornamental Iron,,,,470 Newcomer Road,Windsor,PA,0
17-006,Stone Fence Acres,,NULL,NULL,NULL,NULL,NULL,NULL
17-007,,Benny Pook,NULL,NULL,2510 Lori Dr,York,PA,17404
17-008,,Brian Smith,7177677497,noness,3045 Whitehurst Ct,York,PA,17404
17-009,,Nate Hoover,,nrhoover@yahoo.com,1453 Sleepy Hollow Road,York,PA,17403
17-010,,Jack Capello,7177311111,jackcapello@verizon.net,1515 Slate Hill Road,Camp Hill,PA,17011
17-011,,Joe Hudock,7173342803,,47 Regiment Dr,Gettysburg,PA,17325
17-012,,Giovanna Bianco,2129241685,biancog.55@gmail.com,11 East 67th Street,New York,NY,10001
17-013,,C. C. Deitz,NULL,NULL,1890 Mt Zion Road,York,NULL,17406
17-014,,Mrs Mueller,NULL,NULL,2705 Hartford Road,York,PA,17402
17-015,,,,,2501 North 3rd Street,Harrisburg,PA,0
17-016,,Michael Caulfield,NULL,mcaulfield@lobarassoc.com,1 Campus Drive,Mont Alto,PA,17237
17-017,Kinsley Construction,,7173242032,,159 E Market St,York,PA,17401
17-018,,Kevin Hubbell,7176768802,NULL,25 W. Market St.,York,PA,17401
17-019,,Linda Martin,7175867740,,2220 Eastern Blvd,York,PA,17402
17-020,,Dennis Trout,4064513086,,3636 Kortni Dr.2,Dover,PA,17315
17-021,,Nils Stenman,,,,,,0
17-022,,Ann Ramage,7175159007,NULL,384 Hill-N-Dale Dr. South,York,PA,17403
17-023,,Brooke Rottman,4103216868,NULL,8 Hurlington Ct.,Pikesville,MD,21208
17-024,,David Olmsted,8885113852,,6765 Moulstown Rd,Hanover,PA,0
17-025,,Craig Clarke,847-980-0003,,"128 N. School Lane, Lancaster, PA 17603",Lancaster,PA,17603
17-026,,Paul Gartland,7178912020,pgartland@lamar.com,2850 Deer Leap Dr.,York,PA,17403
17-027,,Paula Dougherty,,,2232 Manchester Blvd.,Harrisburg,PA,17112
17-028,,Frank Lynn,7174718514,,540 West Walnut St.,Lancaster,PA,17603
17-029,,Jim Funk,717-448-4059,,45 1st Avenue,Red Lion,PA,17356
17-030,,Lou Nalls,717-683-7271,,2500 Danielle Dr,Dover,PA,17315
17-031,,Chris Atkins,410-652-2810,,1103 Leeswood Road,Bel Air,MD,21014
17-032,,Norma Ray Heinz,717-764-8435,,2449 Logan Road,York,PA,17408
17-033,,Wilbert Brown,7178738781,NULL,625 E Philadelphia St,York,PA,17403
17-034,,James Theisen,7175777863,,,,,0
17-035,,Joyce Brenneman,NULL,NULL,NULL,NULL,NULL,NULL
17-037,,Brad Spain,2407937383,bspain@hrconstruction.com,1595 I St. NW,Washington,DC,20006
17-039,,Justus Eigenrauch,NULL,NULL,280 Brookwood Drive,York,PA,17403
17-040,,Todd and Robin Lehr,7175865946,rltrix63@aol.com,13 Meisenhelder Rd.,Wrightsville,PA,17368
17-041,,"Matt Rudolph, Ann Marie Haggerty",7175128552,NULL,2609-2611 N. 2nd St.,Harrisburg,PA,NULL
17-042,,Polly Smith,(717) 817-6680,hartanpol68@aol.com,13646 Trout School Rd.,Felton,PA,17322
17-043,,Don Miller,(717) 292-5885,NULL,503 Main St.,York Springs,PA,17572
17-044,,Henry Taylor,NULL,NULL,1564 Winsford Lane,York,PA,17404
17-045,,Formit Steel,717-244-4561,NULL,775 Lombard Road,Red Lion,PA,17356
17-046,Lobar Associates,,NULL,NULL,NULL,NULL,NULL,NULL
17-047,,Meg Zarfos,NULL,NULL,1878 Ridgewood Road,York,PA,17406
17-048,,Chad Rutter,NULL,NULL,4312 Lewisberry Road,York,PA,17402
17-049,Mancaves-R-Us,,717-434-6046,NULL,PO Box 38,McSherrystown,PA,17344
17-050,,Formit Steel Company,717-244-4561,NULL,PO Box 285,Red Lion,PA,17356
17-051,,Kathy Carbaugh,NULL,NULL,NULL,NULL,NULL,NULL
17-052,Heuristic,,NULL,NULL,1410 Harley Davidson Drive,York,PA,17402
17-053,UPMC Pinnacle,,NULL,NULL,218 South 2nd Street,Harrisburg,PA,17104
17-054,,Laurie Lijoi,NULL,NULL,466 Rathton Road,York,PA,17403
17-055,,Sue Satterfield,(717) 252-3710,NULL,704 Picturesque Drive,Wrightsville,PA,17368
18-001,Hess Ornamental Iron,,7172463135,hessoi@comcast.net,470 Newcomer Road,Windsor,PA,17366
18-002,Hess Ornamental Iron,,7172463135,hessoi@comcast.net,470 Newcomer Road,Windsor,PA,17366
18-003,Hess Ornamental Iron,,7172463135,hessoi@comcast.net,470 Newcomer Road,Windsor,PA,17366
18-004,Hess Ornamental Iron,,NULL,NULL,NULL,NULL,NULL,NULL
18-005,Hess Ornamental Iron,,NULL,NULL,NULL,NULL,NULL,NULL
18-006,Core Design Group,,717-741-2046,NULL,37 North Queen Street,York,PA,17403
18-007,York Commons Apartments,,NULL,NULL,2406 Cape Horn Road,Red Lion,PA,17356
18-008,,Brian LeGrand,717-968-4638,NULL,560 Maywood Road,York,PA,17402
18-009,Regents Glen - CAM Advantage,,NULL,NULL,NULL,NULL,NULL,NULL
18-010,,James Kinsley,(717) 324-3113,jameskinsley@kinsleyconstruction.com,Business Park Dr &amp; Tabler Station Road,Inwood,WV,25428
18-011,,Pam Paules,(717) 683-9717,mppaules@gmail.com,1031 Wyndham Drive,York,PA,17403
18-012,,David Wisehaupt - D2X Properties LLC,NULL,NULL,1170/1180 Dillerville Road,Lancaster,PA,17601
18-013,,Joanna Shipe,717-558-8518,joanne.shipe@comcast.net,500 Park Terrace,Harrisburg,PA,17111
18-014,,Tom Zuzik,(908) 300-2082,tom.z@railingcodes.com,NULL,NULL,NJ,NULL
18-015,,Charles Berman,7175790625,blf152@msn.com,1002 Peggy Drive,Hummelstown,PA,NULL
18-016,,Laurie Paccione,(717) 379-7751,lapaccione@verizon.net,512 West Caracus Ave.,Hershey,PA,17033
18-017,,Sue Satterfield,(717) 252-3710,NULL,704 Picturesque Drive,Wrightsville,PA,17368
18-018,,Tamra Stiffler,717-993-8029 (home) 717-487-6856 (m),tamrastiffler@gmail.com,72 South Main Street,Stewartstown,PA,17363
18-019,,Tim Horn,(717) 332-0429,timhornsr@gmail.com,1204 Cabin Creek Road,York,PA,17406
18-020,Lobar Associates,,717-418-5648 cell,awitmer@lobarassoc.com,899 Cherry Street,Montoursville,PA,17554
18-021,,Henry Taylor,NULL,NULL,1564 Winsford Lane,York,PA,17404
18-022,Greenspring Apartments,,717-424-5128 Brandon,NULL,100 Bridlewood Way,York,PA,17402
18-023,,Terry  Knisely,717-817-5244 cell,tlk1949@aol.com,2159 White Street Suite 224,York,PA,17404
18-024,Heuristic,,NULL,NULL,NULL,NULL,NULL,NULL
18-025,,Craig Wolf,(717)577-8773,cwolf@yorkhousing.org,31 S. Broad St.,York,PA,17403
18-026,,Mark Paules,717-683-9717,mppaules@gmail.com,1031 Wyndham Drive,York,PA,17403
18-027,,Gene Richey,(626)676-0101,gene.richey@gmail.com,4007 Clarkstown Rd.,Muncy,PA,17756
18-028,,Richard Costabile,(717)699-2338,richc@candcyorkpa.com,190 Arsenal Rd.,York,PA,17404
18-029,,Giovanna Bianco,212-924-1685,biancog.55@gmail.com,NULL,New York,NY,NULL
18-030,,Betty Wood,(717)258-6795,none,541 E. Old York Rd.,Boiling Springs,PA,17007
18-031,,Tom Zuzik,NULL,Tom.Z@RailingCodes.com,NULL,NULL,NULL,NULL
18-032,,Michael Crumbling,(717)858-3045,jeannie.c@comcast.net,201 S. Royal St.,York,PA,17402
18-033,,Jennifer Grim,(717)515-8318,jsygrim@yahoo.com,568 Lake Meade Dr.,East Berlin,PA,17316
18-034,"Henry General Contractors, Inc.",,(413)301-5655,jason@henrygeneralcontractors.com,57 Observer St.,Springfield,MA,1104
18-035,,David Merlina,(717)566-9848,dcmerlina@hotmail.com,305 Windcrest Rd.,Harrisburg,PA,17112
18-036,,Angela Perkinson,(717)870-8100,angperkinson@comcast.net,955 S. Pleasant Ave.,Dallastown,PA,17313
18-037,,Jessica Plain,(717)602-3806,jes.m.plain@gmail.com,113 Yale Ave.,Lancaster,PA,17603
18-038,,Judith Yater,(717)225-2444,jyater@hotmail.com,213 Perry Ave.,York,PA,17408
18-039,,Tom Zuzik,NULL,tzuzik@vochey.com,NULL,NULL,NULL,NULL
18-040,,Mark McKinney,(443)547-4379,markmc@carr.org,216 W. Hanover St.,Hanover,PA,17331
18-041,,David Phillips,(717)773-8950,dphillips@buyphillips.com,276 Old Stone House Rd.,Mechanicsburg,PA,17055
18-042,,Charlie Innerst,NULL,NULL,870 Hess Farm Rd.,Dallastown,PA,17313
18-043,,Michael Bomberger,(717)381-0685,michael.bomberger@yahoo.com,234 N. Charlotte St.,Lancaster,PA,17603
18-044,Kinsley Construction,,NULL,NULL,NULL,NULL,NULL,NULL
18-045,,Steven Voyce,(908)975-2999,svoyce@vochey.com,97 Fairmount Rd. West,Califon,NJ,7830
18-046,,Jeannie Kreeger,(603)401-1963,jeannie@jkreeger.com,3975 Blossom Valley Dr.,York,PA,17402
18-047,,Paul Breault,(610)312-6349,pab1147@msn.com,1159 Augusta Court,York,PA,17404
18-048,,Giovanna Bianco,(212)924-1685,biancog.55@gmail.com,NULL,New York,NY,NULL
18-049,,Terry Knisely,(717)817-5244,tlk1949@aol.com,2159 White St. Suite 224,York ,PA,17404
18-050,,Cynthia Golden,(717)792-2983,7177922983@vzwpix.com,133 N. Charles St.,Red Lion,PA,17356
18-051,,Justine Koons,NULL,NULL,NULL,NULL,NULL,NULL
18-052,,Scott Dietz,(717)755-1921,scott@ccdietz.com,1890 Mt. Zion Rd.,York,PA,17406
18-053,,Dave Yantis,7178018599,dyantis@kinsleyconstruction.com,1855 Powder Mill Rd,York,PA,NULL
18-054,,Robert Estill,(717)848-3300,foxrunrealty@comcast.net,2026 South Queen St.,York,PA,17403
18-055,,Tim Riley,(717)577-1788,kriley4net@gmail.com; timriley57@gmail.com,4463 Sunny Slope Rd.,Glen Rock,PA,17327
18-056,,Elvin Gordon,(717)292-4472,s_gordon@comcast.net,6065 Timberlyn Dr.,Dover,PA,17315
18-057,,Perry Mahle,4437988285,perry.mahle@whiting-turner.com,4400 University Drive,Fairfax,VA,22030
18-058,,Justine Koons,NULL,NULL,NULL,NULL,NULL,NULL
18-059,,Justine Koons,NULL,NULL,NULL,NULL,NULL,NULL
18-060,,Bud Bauer,(610)248-2201,bud@baselinecontracting.com,2800 Quarry St.,Coplay,PA,18037
18-061,,Gerry Rangel,(717)801-8599,grangel@kinsleyconstruction.com,NULL,NULL,NULL,NULL
18-062,,Diane Thornton,(717)854-4334,NULL,1040 Box Hill Lane,York,PA,17403
18-063,,Matt Eberly,(717)577-8741,meberly@yorkhousing.org,31 S. Broad St.,York,PA,17403
18-064,,Justine Koons,NULL,NULL,NULL,NULL,NULL,NULL
18-065,,Bill Chantelau,(717)337-9623,wchantelau@embarqmail.com,44 Chambersburg St.,Gettysburg,PA,17325
18-066,Kinsley Construction,,NULL,NULL,NULL,NULL,NULL,NULL
